sense_start,sense_length,structure,mfe
0,16,................,0.0
1,16,................,0.0
2,16,................,0.0
3,16,(((.......)))...,-0.20000000298023224
4,16,..((....))......,-0.8999999761581421
5,16,................,0.0
6,16,................,0.0
7,16,................,0.0
8,16,................,0.0
9,16,................,0.0
10,16,................,0.0
11,16,......((....))..,-0.6000000238418579
12,16,................,0.0
13,16,................,0.0
14,16,................,0.0
15,16,................,0.0
16,16,.......((....)).,-0.699999988079071
17,16,(((....)))......,-0.800000011920929
18,16,.(((.....)))....,-1.2999999523162842
19,16,................,0.0
20,16,................,0.0
21,16,................,0.0
22,16,.....((.....))..,-0.6000000238418579
23,16,................,0.0
24,16,................,0.0
25,16,................,0.0
26,16,................,0.0
27,16,................,0.0
28,16,((....))........,-0.30000001192092896
29,16,................,0.0
30,16,..((.......))...,-0.30000001192092896
31,16,................,0.0
32,16,................,0.0
33,16,................,0.0
34,16,................,0.0
35,16,................,0.0
36,16,((((((...)))))).,-5.900000095367432
37,16,................,0.0
38,16,................,0.0
39,16,................,0.0
40,16,................,0.0
41,16,((((....))))....,-1.100000023841858
42,16,................,0.0
43,16,................,0.0
44,16,................,0.0
45,16,................,0.0
46,16,................,0.0
47,16,..(((...))).....,-0.4000000059604645
48,16,(((.....))).....,-2.4000000953674316
49,16,................,0.0
50,16,.((((....))))...,-2.200000047683716
51,16,................,0.0
52,16,................,0.0
53,16,................,0.0
54,16,(((.....))).....,-1.600000023841858
55,16,................,0.0
56,16,....((........)),-0.20000000298023224
57,16,................,0.0
58,16,..(((.......))).,-0.20000000298023224
59,16,................,0.0
60,16,................,0.0
61,16,................,0.0
62,16,((.(.....).))...,-0.10000000149011612
63,16,.(((...)))......,-0.5
64,16,................,0.0
65,16,................,0.0
66,16,..((.....)).....,-1.0
67,16,................,0.0
68,16,................,0.0
69,16,...(((......))).,-0.800000011920929
70,16,................,0.0
71,16,(((((....)))))..,-3.4000000953674316
72,16,.......((....)).,-1.2999999523162842
73,16,((((.(...).)))).,-1.899999976158142
74,16,................,0.0
75,16,(((.......)))...,-1.100000023841858
76,16,..(((........))),-0.30000001192092896
77,16,................,0.0
78,16,................,0.0
79,16,.....((((...)))),-0.6000000238418579
80,16,(((((...)))))...,-0.800000011920929
81,16,................,0.0
82,16,................,0.0
83,16,................,0.0
84,16,................,0.0
85,16,................,0.0
86,16,................,0.0
87,16,................,0.0
88,16,(((........)))..,-1.5
89,16,................,0.0
90,16,((........))....,-1.5
91,16,................,0.0
92,16,................,0.0
93,16,................,0.0
94,16,................,0.0
95,16,................,0.0
96,16,................,0.0
97,16,(((...))).......,-0.800000011920929
98,16,................,0.0
99,16,((.(((...))).)).,-0.4000000059604645
100,16,................,0.0
101,16,................,0.0
102,16,................,0.0
103,16,................,0.0
104,16,................,0.0
105,16,.((.(((...))).)),-1.2000000476837158
106,16,......((.....)).,-0.699999988079071
107,16,................,0.0
108,16,...(((....)))...,-0.800000011920929
109,16,................,0.0
110,16,................,0.0
111,16,................,0.0
112,16,................,0.0
113,16,................,0.0
114,16,.....((....))...,-0.30000001192092896
115,16,................,0.0
116,16,................,0.0
117,16,................,0.0
118,16,((((...)))).....,-2.0
119,16,................,0.0
120,16,................,0.0
121,16,................,0.0
122,16,................,0.0
123,16,................,0.0
124,16,................,0.0
125,16,................,0.0
126,16,................,0.0
127,16,................,0.0
128,16,...(((.......))),-0.4000000059604645
129,16,................,0.0
130,16,.(((((.....))))),-1.7999999523162842
131,16,................,0.0
132,16,................,0.0
133,16,.......((....)).,-0.30000001192092896
134,16,((....))........,-1.2999999523162842
135,16,................,0.0
136,16,................,0.0
137,16,................,0.0
138,16,.((((....))))...,-0.5
139,16,................,0.0
140,16,.....(((....))).,-1.399999976158142
141,16,((..........))..,-0.10000000149011612
142,16,................,0.0
143,16,................,0.0
144,16,(..((....))..)..,-0.4000000059604645
145,16,.(((.....)))....,-1.7000000476837158
146,16,.....((.....))..,-0.4000000059604645
147,16,................,0.0
148,16,................,0.0
149,16,.(((....))).....,-1.0
150,16,...(((....)))...,-0.8999999761581421
151,16,(((....)))......,-0.800000011920929
152,16,................,0.0
153,16,..(((.......))).,-0.699999988079071
154,16,................,0.0
155,16,(((...))).......,-0.30000001192092896
156,16,................,0.0
157,16,((....))........,-0.5
158,16,................,0.0
159,16,.((((((...)))))),-2.0
160,16,................,0.0
161,16,.(((........))).,-2.0999999046325684
162,16,................,0.0
163,16,..((....))......,-0.20000000298023224
164,16,................,0.0
165,16,................,0.0
166,16,................,0.0
167,16,................,0.0
168,16,................,0.0
169,16,................,0.0
170,16,((((....))))....,-0.20000000298023224
171,16,................,0.0
172,16,................,0.0
173,16,................,0.0
174,16,...((......))...,-1.7999999523162842
175,16,................,0.0
176,16,.....(((....))).,-0.20000000298023224
177,16,................,0.0
178,16,................,0.0
179,16,.....((((...)))),-0.4000000059604645
180,16,((((........)))),-0.800000011920929
181,16,................,0.0
182,16,................,0.0
183,16,................,0.0
184,16,................,0.0
185,16,................,0.0
186,16,(((......)))....,-0.4000000059604645
187,16,................,0.0
188,16,.((((.....))))..,-3.5
189,16,...((((....)))).,-3.700000047683716
190,16,((((........)))),-0.8999999761581421
191,16,................,0.0
192,16,................,0.0
193,16,(.((....)).)....,-0.10000000149011612
194,16,................,0.0
195,16,..(((.(....).))),-2.0999999046325684
196,16,.......((....)).,-0.4000000059604645
197,16,................,0.0
198,16,................,0.0
199,16,................,0.0
200,16,................,0.0
201,16,(((.....))).....,-0.4000000059604645
202,16,................,0.0
203,16,.((((....))))...,-1.5
204,16,................,0.0
205,16,................,0.0
206,16,................,0.0
207,16,.((......)).....,-0.5
208,16,................,0.0
209,16,((.(((...)))))..,-1.2999999523162842
210,16,................,0.0
211,16,................,0.0
212,16,................,0.0
213,16,................,0.0
214,16,................,0.0
215,16,.((((....))))...,-3.0
216,16,...((((....)))).,-0.20000000298023224
217,16,((.((......)).)),-0.800000011920929
218,16,................,0.0
219,16,(((....)))......,-0.5
220,16,................,0.0
221,16,....((....))....,-0.8999999761581421
222,16,................,0.0
223,16,................,0.0
224,16,................,0.0
225,16,((.((.....)).)).,-1.100000023841858
226,16,((.(((.....))))),-1.399999976158142
227,16,................,0.0
228,16,................,0.0
229,16,................,0.0
230,16,.......((....)).,-0.30000001192092896
231,16,................,0.0
232,16,.((......)).....,-1.7999999523162842
233,16,................,0.0
234,16,................,0.0
235,16,................,0.0
236,16,................,0.0
237,16,................,0.0
238,16,................,0.0
239,16,................,0.0
240,16,((((((...)))))).,-5.300000190734863
241,16,................,0.0
242,16,................,0.0
243,16,................,0.0
244,16,................,0.0
245,16,.......((....)).,-1.5
246,16,.((((.......)))),-0.6000000238418579
247,16,................,0.0
248,16,..((.....)).....,-0.4000000059604645
249,16,(((........)))..,-0.699999988079071
250,16,.(((........))).,-0.30000001192092896
251,16,.((((.......)))),-0.30000001192092896
252,16,................,0.0
253,16,................,0.0
254,16,.((.....))......,-0.10000000149011612
255,16,................,0.0
256,16,................,0.0
257,16,................,0.0
258,16,.((......)).....,-0.699999988079071
259,16,................,0.0
260,16,................,0.0
261,16,................,0.0
262,16,....((((....)))),-1.0
263,16,................,0.0
264,16,................,0.0
265,16,................,0.0
266,16,................,0.0
267,16,................,0.0
268,16,................,0.0
269,16,................,0.0
270,16,................,0.0
271,16,................,0.0
272,16,................,0.0
273,16,................,0.0
274,16,................,0.0
275,16,................,0.0
276,16,...(((.......))),-1.2000000476837158
277,16,................,0.0
278,16,................,0.0
279,16,................,0.0
280,16,......((.....)).,-0.6000000238418579
281,16,................,0.0
282,16,...(((......))).,-2.0999999046325684
283,16,................,0.0
284,16,................,0.0
285,16,.....((......)).,-1.5
286,16,(((......)))....,-0.4000000059604645
287,16,................,0.0
288,16,................,0.0
289,16,................,0.0
290,16,................,0.0
291,17,...(((....).))...,-0.20000000298023224
292,17,.................,0.0
293,17,((((......))))...,-1.899999976158142
294,17,((....)).........,-0.8999999761581421
295,17,.................,0.0
296,17,.................,0.0
297,17,...((....))......,-0.699999988079071
298,17,.................,0.0
299,17,.................,0.0
300,17,((........)).....,-0.6000000238418579
301,17,((.....))........,-1.7999999523162842
302,17,.................,0.0
303,17,.................,0.0
304,17,..(((.........))),-0.6000000238418579
305,17,(.((((....)))).).,-3.5999999046325684
306,17,.................,0.0
307,17,.................,0.0
308,17,.................,0.0
309,17,.................,0.0
310,17,......((.....))..,-1.399999976158142
311,17,...((((.....)))).,-0.20000000298023224
312,17,.(((.((....)).))),-2.700000047683716
313,17,(((.......)))....,-1.100000023841858
314,17,..(((((....))))).,-0.699999988079071
315,17,(((((....)).)))..,-3.4000000953674316
316,17,.................,0.0
317,17,.................,0.0
318,17,.................,0.0
319,17,.................,0.0
320,17,.................,0.0
321,17,.................,0.0
322,17,.................,0.0
323,17,.(((....)))......,-2.299999952316284
324,17,(((.......)))....,-1.2000000476837158
325,17,.......((.....)).,-0.30000001192092896
326,17,.....((((...)))).,-1.2999999523162842
327,17,..((....)).......,-1.7999999523162842
328,17,((.......))......,-1.2000000476837158
329,17,.................,0.0
330,17,.....((((...)))).,-1.399999976158142
331,17,.................,0.0
332,17,.................,0.0
333,17,....((.(....).)).,-0.6000000238418579
334,17,...((.((....)).)),-1.7999999523162842
335,17,.................,0.0
336,17,.................,0.0
337,17,...((.((...)).)).,-1.600000023841858
338,17,.................,0.0
339,17,...((((.....)))).,-3.799999952316284
340,17,.................,0.0
341,17,.................,0.0
342,17,..(((.....)))....,-2.0999999046325684
343,17,.................,0.0
344,17,.....(((....)))..,-1.2999999523162842
345,17,.................,0.0
346,17,.(((...))).......,-0.699999988079071
347,17,.................,0.0
348,17,....((((....)))).,-0.20000000298023224
349,17,((.......))......,-0.20000000298023224
350,17,.................,0.0
351,17,(((...)))........,-0.20000000298023224
352,17,(((.((....)))))..,-1.100000023841858
353,17,.................,0.0
354,17,.................,0.0
355,17,.................,0.0
356,17,(((...)))........,-0.30000001192092896
357,17,.................,0.0
358,17,.................,0.0
359,17,.................,0.0
360,17,.................,0.0
361,17,(((....))).......,-1.2999999523162842
362,17,..(((....))).....,-1.399999976158142
363,17,..(((....))).....,-0.800000011920929
364,17,.................,0.0
365,17,((......)).......,-1.5
366,17,.................,0.0
367,17,.................,0.0
368,17,.((((((...)))))).,-4.099999904632568
369,17,.................,0.0
370,17,.((....))........,-0.699999988079071
371,17,(((...........))),-1.2999999523162842
372,17,((((....)))).....,-1.2000000476837158
373,17,.................,0.0
374,17,.....((((....)))),-1.0
375,17,.....(((......))),-0.4000000059604645
376,17,(((...)))........,-0.4000000059604645
377,17,(((((....))..))).,-1.399999976158142
378,17,......(((.....))),-0.4000000059604645
379,17,.(((.(......).))),-1.5
380,17,.................,0.0
381,17,.(((.....))).....,-0.20000000298023224
382,17,.......(((...))).,-0.6000000238418579
383,17,.................,0.0
384,17,...(((......)))..,-0.10000000149011612
385,17,(((......))).....,-0.5
386,17,.....(((....)))..,-1.7000000476837158
387,17,.((....))........,-0.4000000059604645
388,17,(((..........))).,-0.30000001192092896
389,17,.((((.....))))...,-1.899999976158142
390,17,.................,0.0
391,17,.................,0.0
392,17,(((.......)))....,-1.2000000476837158
393,17,...((((....))))..,-3.9000000953674316
394,17,..(((((...)))))..,-2.299999952316284
395,17,.((((...)))).....,-0.8999999761581421
396,17,.................,0.0
397,17,.................,0.0
398,17,.................,0.0
399,17,..((....)).......,-0.800000011920929
400,17,(((((...))).))...,-0.6000000238418579
401,17,((.....))........,-0.20000000298023224
402,17,((........)).....,-1.100000023841858
403,17,...((((...))))...,-1.7000000476837158
404,17,.................,0.0
405,17,((.......))......,-0.5
406,17,.((((((....)))))),-1.2000000476837158
407,17,.................,0.0
408,17,.................,0.0
409,17,.................,0.0
410,17,.......(((....))),-2.200000047683716
411,17,.................,0.0
412,17,.................,0.0
413,17,.................,0.0
414,17,(((((...)))))....,-5.099999904632568
415,17,.................,0.0
416,17,.....((((....)))),-0.8999999761581421
417,17,.................,0.0
418,17,.................,0.0
419,17,((.((....)).))...,-1.899999976158142
420,17,...(((......)))..,-2.5999999046325684
421,17,.................,0.0
422,17,.................,0.0
423,17,.................,0.0
424,17,.................,0.0
425,17,.................,0.0
426,17,.................,0.0
427,17,.................,0.0
428,17,.................,0.0
429,17,.................,0.0
430,17,....((((...))))..,-1.600000023841858
431,17,.................,0.0
432,17,.................,0.0
433,17,..((......)).....,-0.10000000149011612
434,17,......(((.....))),-1.2999999523162842
435,17,(((((...)))))....,-3.200000047683716
436,17,...(((......)))..,-1.2999999523162842
437,17,..(.(((....))).).,-1.399999976158142
438,17,...((((....))))..,-0.800000011920929
439,17,.......(((....))),-0.5
440,17,.................,0.0
441,17,.................,0.0
442,17,.((((.......)))).,-2.799999952316284
443,17,.................,0.0
444,17,.................,0.0
445,17,((((.......))))..,-1.899999976158142
446,17,.................,0.0
447,17,.................,0.0
448,17,...((((......)))),-0.4000000059604645
449,17,.................,0.0
450,17,(.((((...)))).)..,-2.200000047683716
451,17,......((((...)))),-3.200000047683716
452,17,.................,0.0
453,17,((((...))))......,-0.8999999761581421
454,17,.................,0.0
455,17,.................,0.0
456,17,.................,0.0
457,17,.................,0.0
458,17,......((......)).,-0.5
459,17,...(((....)))....,-0.699999988079071
460,17,.................,0.0
461,17,.................,0.0
462,17,.................,0.0
463,17,.................,0.0
464,17,.................,0.0
465,17,.................,0.0
466,17,..((((......)).)),-0.5
467,17,.((((.......)))).,-2.0999999046325684
468,17,.................,0.0
469,17,......(((...)))..,-0.6000000238418579
470,17,...((((....))))..,-1.7999999523162842
471,17,.................,0.0
472,17,((((((.....)))))),-4.800000190734863
473,17,((.........))....,-1.100000023841858
474,17,.................,0.0
475,17,.................,0.0
476,17,((.......))......,-0.8999999761581421
477,17,.(((......)))....,-1.0
478,17,.................,0.0
479,17,.................,0.0
480,17,......(((....))).,-0.699999988079071
481,17,.................,0.0
482,17,.................,0.0
483,17,(((((.......))))),-2.5
484,17,(((....))).......,-2.299999952316284
485,17,.................,0.0
486,17,.....(((.....))).,-1.5
487,17,.(((((.....))))).,-1.5
488,17,..((((....))))...,-4.199999809265137
489,17,.................,0.0
490,17,.....((.....))...,-0.5
491,17,(((.....)))......,-1.399999976158142
492,17,.................,0.0
493,17,.................,0.0
494,17,.................,0.0
495,17,.................,0.0
496,17,...(((...))).....,-0.6000000238418579
497,17,.................,0.0
498,17,.................,0.0
499,17,.................,0.0
500,17,((((.......))))..,-2.200000047683716
501,17,.................,0.0
502,17,(((((.....)))))..,-2.700000047683716
503,17,..(((........))).,-1.399999976158142
504,17,.((....))........,-0.30000001192092896
505,17,.((((.......)))).,-2.9000000953674316
506,17,..((.((....)).)).,-1.2000000476837158
507,17,.(((....)))......,-0.699999988079071
508,17,.................,0.0
509,17,((((.......))))..,-0.5
510,17,.................,0.0
511,17,.................,0.0
512,17,.................,0.0
513,17,.(.(((...))).)...,-1.7000000476837158
514,17,(((..........))).,-1.2000000476837158
515,17,.....((((....)))),-0.800000011920929
516,17,.................,0.0
517,17,.................,0.0
518,17,.................,0.0
519,17,.................,0.0
520,18,((((((....).))))).,-2.200000047683716
521,18,......((....))....,-0.20000000298023224
522,18,..................,0.0
523,18,..................,0.0
524,18,..................,0.0
525,18,.......((.....))..,-0.20000000298023224
526,18,......(((......))),-0.8999999761581421
527,18,...(((....))).....,-0.6000000238418579
528,18,((......))........,-1.600000023841858
529,18,..................,0.0
530,18,..................,0.0
531,18,..................,0.0
532,18,....((((....))))..,-0.30000001192092896
533,18,...(((.....)))....,-1.2999999523162842
534,18,..................,0.0
535,18,..................,0.0
536,18,.((((.((...)).)))),-1.7999999523162842
537,18,((((........))))..,-3.0
538,18,....(((.....)))...,-0.699999988079071
539,18,.(.((........)).).,-0.20000000298023224
540,18,..................,0.0
541,18,.(((.......)))....,-1.0
542,18,..((((.....))))...,-1.399999976158142
543,18,.......((((...)))),-1.0
544,18,(((.......))).....,-0.30000001192092896
545,18,..................,0.0
546,18,..................,0.0
547,18,.((((.....))))....,-3.200000047683716
548,18,..((((.......)))).,-0.4000000059604645
549,18,..................,0.0
550,18,..................,0.0
551,18,(((.((....)))))...,-2.0
552,18,..................,0.0
553,18,..................,0.0
554,18,..................,0.0
555,18,..................,0.0
556,18,..................,0.0
557,18,....((.......))...,-0.8999999761581421
558,18,..................,0.0
559,18,((........))......,-0.5
560,18,..................,0.0
561,18,..(((((...)).)))..,-1.2000000476837158
562,18,..................,0.0
563,18,..................,0.0
564,18,(((((....)))))....,-3.700000047683716
565,18,.....((....)).....,-0.20000000298023224
566,18,..(((.....))).....,-1.0
567,18,..................,0.0
568,18,..................,0.0
569,18,..................,0.0
570,18,..................,0.0
571,18,..................,0.0
572,18,.(((((.....)))))..,-2.0999999046325684
573,18,(((((.......))))).,-1.7000000476837158
574,18,..(((.....))).....,-0.10000000149011612
575,18,(((...))).........,-1.600000023841858
576,18,..................,0.0
577,18,..................,0.0
578,18,..................,0.0
579,18,..................,0.0
580,18,..................,0.0
581,18,..................,0.0
582,18,......((((...)))).,-0.699999988079071
583,18,........((.....)).,-0.8999999761581421
584,18,..................,0.0
585,18,..................,0.0
586,18,(((((....)))))....,-2.0999999046325684
587,18,..................,0.0
588,18,((((........))))..,-1.2999999523162842
589,18,.........(((...))),-0.10000000149011612
590,18,(((......)))......,-3.299999952316284
591,18,..................,0.0
592,18,.(((....))).......,-1.0
593,18,..................,0.0
594,18,..................,0.0
595,18,..................,0.0
596,18,..................,0.0
597,18,.(((((...)))))....,-1.0
598,18,..................,0.0
599,18,...(((........))).,-1.5
600,18,..................,0.0
601,18,.....(((....)))...,-0.699999988079071
602,18,(((((...)).)))....,-0.4000000059604645
603,18,..................,0.0
604,18,(((......)))......,-0.20000000298023224
605,18,..(((((...)))))...,-3.200000047683716
606,18,((....))..........,-1.899999976158142
607,18,..................,0.0
608,18,..................,0.0
609,18,.((...........))..,-0.30000001192092896
610,18,....((((.....)))).,-0.699999988079071
611,18,.((((...))))......,-0.800000011920929
612,18,..................,0.0
613,18,..................,0.0
614,18,..................,0.0
615,18,.....((.....))....,-1.2999999523162842
616,18,.....((........)).,-0.20000000298023224
617,18,..................,0.0
618,18,((((......))))....,-2.4000000953674316
619,18,....(((....)))....,-1.7000000476837158
620,18,..................,0.0
621,18,.......(((....))).,-2.0999999046325684
622,18,..(((.....))).....,-2.200000047683716
623,18,((.....)).........,-0.800000011920929
624,18,..................,0.0
625,18,..(((.((.....))))),-0.5
626,18,((.((((....)))).)),-1.899999976158142
627,18,..................,0.0
628,18,..................,0.0
629,18,((((......))))....,-5.5
630,18,..................,0.0
631,18,..................,0.0
632,18,(((((......)))))..,-3.299999952316284
633,18,..................,0.0
634,18,..................,0.0
635,18,..................,0.0
636,18,.(((......))).....,-1.2999999523162842
637,18,..................,0.0
638,18,..................,0.0
639,18,..................,0.0
640,18,.......((((...)))),-1.899999976158142
641,18,...(((........))).,-1.600000023841858
642,18,..................,0.0
643,18,..................,0.0
644,18,..................,0.0
645,18,((.((......)).))..,-1.0
646,18,..................,0.0
647,18,..................,0.0
648,18,..................,0.0
649,18,..................,0.0
650,18,..(((....)))......,-1.0
651,18,..................,0.0
652,18,.....(((.....)))..,-0.5
653,18,.....(.((....)).).,-1.5
654,18,(((((........))))),-1.7999999523162842
655,18,....((((....))))..,-1.2999999523162842
656,18,..................,0.0
657,18,..................,0.0
658,18,(((((.....)))))...,-2.5
659,18,..................,0.0
660,18,..................,0.0
661,18,(((.....))).......,-0.699999988079071
662,18,....((((......)))),-2.200000047683716
663,18,..................,0.0
664,18,..................,0.0
665,18,((....))..........,-0.8999999761581421
666,18,..................,0.0
667,18,..................,0.0
668,18,..................,0.0
669,18,..................,0.0
670,18,..................,0.0
671,18,..................,0.0
672,18,.....((((....)))).,-1.5
673,18,..................,0.0
674,18,.((..((...))..))..,-1.7000000476837158
675,18,.....((((...))))..,-1.0
676,18,((........))......,-0.699999988079071
677,18,..................,0.0
678,18,..................,0.0
679,18,..................,0.0
680,18,..................,0.0
681,18,..(.((......)).)..,-2.0
682,18,..................,0.0
683,18,..................,0.0
684,18,..................,0.0
685,18,.......((......)).,-1.0
686,18,..................,0.0
687,18,..................,0.0
688,18,.......((....))...,-0.20000000298023224
689,18,..................,0.0
690,18,..((.((......)).)),-0.800000011920929
691,18,..................,0.0
692,18,..................,0.0
693,18,..................,0.0
694,18,..................,0.0
695,18,((....))..........,-0.5
696,18,.(((.........)))..,-1.399999976158142
697,18,..................,0.0
698,18,..................,0.0
699,18,..................,0.0
700,18,....(((......)))..,-0.20000000298023224
701,18,((.......)).......,-0.10000000149011612
702,18,(((.....))).......,-1.0
703,18,..................,0.0
704,18,.(((......))).....,-0.800000011920929
705,18,..((.....)).......,-0.6000000238418579
706,18,..................,0.0
707,18,..................,0.0
708,18,..................,0.0
709,18,(((((....)))))....,-0.20000000298023224
710,18,..................,0.0
711,18,((.......)).......,-1.399999976158142
712,18,....(((...))).....,-0.6000000238418579
713,18,..................,0.0
714,18,..................,0.0
715,18,..................,0.0
716,18,..................,0.0
717,18,..................,0.0
718,18,..................,0.0
719,18,..................,0.0
720,18,(((.(((....))).))),-2.5
721,18,..................,0.0
722,18,..................,0.0
723,18,..................,0.0
724,18,..................,0.0
725,18,..................,0.0
726,18,((.....)).((....)),-1.2999999523162842
727,18,..(((........)))..,-1.0
728,18,..................,0.0
729,18,..................,0.0
730,18,......(((......))),-1.0
731,18,.......(((.....))),-0.10000000149011612
732,18,..................,0.0
733,18,..................,0.0
734,18,..................,0.0
735,18,..................,0.0
736,18,...(((....))).....,-1.5
737,18,..................,0.0
738,18,..................,0.0
739,18,..................,0.0
740,18,.((((......))))...,-0.6000000238418579
741,18,.........((....)).,-0.5
742,18,..................,0.0
743,18,..................,0.0
744,18,(((.....))).......,-0.6000000238418579
745,18,(((((......)))))..,-6.699999809265137
746,18,..................,0.0
747,18,..................,0.0
748,18,.((.(((.....))))).,-1.7000000476837158
749,18,..................,0.0
750,18,(((.....))).......,-2.0
751,18,..................,0.0
752,18,..................,0.0
753,18,...(((....))).....,-0.699999988079071
754,18,..................,0.0
755,19,..........((....)).,-0.30000001192092896
756,19,...................,0.0
757,19,...................,0.0
758,19,...................,0.0
759,19,...(((.......)))...,-2.700000047683716
760,19,...................,0.0
761,19,....((.......))....,-1.2000000476837158
762,19,........(((....))).,-0.800000011920929
763,19,...(((.......)))...,-0.8999999761581421
764,19,.....(((........))),-0.800000011920929
765,19,(((........))).....,-1.100000023841858
766,19,...................,0.0
767,19,..((((.......))))..,-2.0
768,19,((((((...))))))....,-2.700000047683716
769,19,.((((.......))))...,-2.0999999046325684
770,19,(((..........)))...,-1.100000023841858
771,19,..(((.....)))......,-1.899999976158142
772,19,...................,0.0
773,19,((......)).........,-1.100000023841858
774,19,.(((.((.....)).))).,-5.400000095367432
775,19,((((((...)))).))...,-1.7999999523162842
776,19,...................,0.0
777,19,...(((........)))..,-0.6000000238418579
778,19,..(((......))).....,-0.800000011920929
779,19,...................,0.0
780,19,(((.(((...))).)))..,-3.200000047683716
781,19,...................,0.0
782,19,...................,0.0
783,19,...................,0.0
784,19,...................,0.0
785,19,...(((((....)))))..,-1.399999976158142
786,19,.((.(........).))..,-1.600000023841858
787,19,...................,0.0
788,19,...................,0.0
789,19,.((((......))))....,-3.0
790,19,(((((...)))))......,-3.299999952316284
791,19,(((........))).....,-0.800000011920929
792,19,...................,0.0
793,19,(((((....)).)))....,-3.0
794,19,.......(((...)))...,-0.4000000059604645
795,19,.((........))......,-0.8999999761581421
796,19,...................,0.0
797,19,...................,0.0
798,19,........(((....))).,-0.10000000149011612
799,19,.(((.........)))...,-1.399999976158142
800,19,...................,0.0
801,19,..(((.(((...))).))),-1.399999976158142
802,19,((.(((....))).))...,-1.399999976158142
803,19,.((.....)).........,-0.10000000149011612
804,19,(((.((....)).)))...,-1.7999999523162842
805,19,...................,0.0
806,19,...................,0.0
807,19,((((........))))...,-3.5999999046325684
808,19,.((.((.....)).))...,-2.200000047683716
809,19,((...(((....)))..)),-1.7000000476837158
810,19,......(((((...))))),-1.7000000476837158
811,19,((((.....))))......,-2.0999999046325684
812,19,(((....))).........,-0.6000000238418579
813,19,...(((.......)))...,-2.5
814,19,(((((.....)))))....,-1.7999999523162842
815,19,..(((...)))........,-0.6000000238418579
816,19,...................,0.0
817,19,.....((((....))))..,-2.4000000953674316
818,19,...................,0.0
819,19,((.((....))))......,-2.5999999046325684
820,19,...................,0.0
821,19,((.(((....))).))...,-3.700000047683716
822,19,(((..........)))...,-0.30000001192092896
823,19,.((((.(((...))))))),-3.0999999046325684
824,19,((((...))))........,-2.5
825,19,.((........))......,-1.399999976158142
826,19,.........(((....))),-0.5
827,19,...................,0.0
828,19,...................,0.0
829,19,.....((((....))))..,-3.0999999046325684
830,19,.(((((......)))))..,-5.900000095367432
831,19,.((((.......))))...,-3.5
832,19,...................,0.0
833,19,....(((.......)))..,-0.5
834,19,.((((........))))..,-1.7999999523162842
835,19,...(((...))).......,-1.2000000476837158
836,19,.....(((....)))....,-1.2999999523162842
837,19,..(((.(...).)))....,-0.6000000238418579
838,19,......(((....)))...,-0.8999999761581421
839,19,......((((...))))..,-1.2999999523162842
840,19,....(.(((.....))).),-0.699999988079071
841,19,...................,0.0
842,19,...................,0.0
843,19,...................,0.0
844,19,...................,0.0
845,19,((.....))..........,-0.4000000059604645
846,19,...................,0.0
847,19,...................,0.0
848,19,...................,0.0
849,19,..(((.....)))......,-0.6000000238418579
850,19,....(((((....))))).,-1.100000023841858
851,19,.((((.........)))).,-2.5999999046325684
852,19,.((.((.....))))....,-0.10000000149011612
853,19,...................,0.0
854,19,....(((((....)).))),-1.600000023841858
855,19,(((.......)))......,-0.8999999761581421
856,19,((....))...........,-0.10000000149011612
857,19,((....))...........,-0.8999999761581421
858,19,...(((.(....).)))..,-1.7999999523162842
859,19,...................,0.0
860,19,(((......))).......,-1.600000023841858
861,19,.((..((((...)))))).,-0.800000011920929
862,19,...................,0.0
863,19,...................,0.0
864,19,..((((((.....)))))),-1.7999999523162842
865,19,..((.......))......,-0.8999999761581421
866,19,..........((....)).,-0.10000000149011612
867,19,...................,0.0
868,19,...................,0.0
869,19,...................,0.0
870,19,(((.....)))........,-1.7999999523162842
871,19,.........(((...))).,-0.699999988079071
872,19,..(((((......)).))),-2.9000000953674316
873,19,.......(((....)))..,-1.7000000476837158
874,19,...................,0.0
875,19,.....(((......)))..,-2.5
876,19,..(((....))).......,-1.600000023841858
877,19,((((.....))))......,-2.9000000953674316
878,19,...................,0.0
879,19,(.(((((....))))))..,-3.5999999046325684
880,19,...................,0.0
881,19,...................,0.0
882,19,(((((.........))))),-3.5999999046325684
883,19,....((.........))..,-0.10000000149011612
884,19,((((......)))).....,-3.0999999046325684
885,19,...................,0.0
886,19,(((.....)))........,-0.20000000298023224
887,19,...(((.((....)).))),-2.5
888,19,...................,0.0
889,19,.((.......)).......,-0.4000000059604645
890,19,((((((....))))))...,-1.100000023841858
891,19,...................,0.0
892,19,...................,0.0
893,19,.((.((........)).)),-2.5
894,19,......((((.....)))),-2.0999999046325684
895,19,((......)).........,-0.8999999761581421
896,19,..((((...))))......,-1.600000023841858
897,19,((((.......))))....,-1.100000023841858
898,19,((.((....))))......,-1.7000000476837158
899,19,...................,0.0
900,19,...................,0.0
901,19,(((....))).........,-1.0
902,19,((((..........)))).,-0.800000011920929
903,19,...................,0.0
904,19,...................,0.0
905,19,.........((.....)).,-0.20000000298023224
906,19,((((.....))))......,-1.2999999523162842
907,19,...................,0.0
908,19,((((......)))).....,-1.399999976158142
909,19,...................,0.0
910,19,...................,0.0
911,19,...((((((....)))))),-2.799999952316284
912,19,...................,0.0
913,19,.((((.......))))...,-2.0999999046325684
914,19,......((.....))....,-1.399999976158142
915,19,...................,0.0
916,19,.....(((........))),-1.100000023841858
917,19,...................,0.0
918,19,((.(((((...))))))).,-2.5999999046325684
919,19,....(((((...)))))..,-1.7000000476837158
920,19,..((((....)))).....,-0.6000000238418579
921,19,...................,0.0
922,19,((.....))..........,-0.800000011920929
923,19,(((((.......)))))..,-2.200000047683716
924,19,..((.....))........,-1.0
925,19,...................,0.0
926,19,....(((........))).,-0.10000000149011612
927,19,(((.((.......))))).,-1.100000023841858
928,19,...................,0.0
929,19,((((((.......)))))),-4.300000190734863
930,19,.....((((....))))..,-4.699999809265137
931,19,.(((....)))........,-1.2000000476837158
932,19,.......((....))....,-0.699999988079071
933,19,...................,0.0
934,20,....................,0.0
935,20,((((....))))........,-0.10000000149011612
936,20,....................,0.0
937,20,....................,0.0
938,20,....................,0.0
939,20,......(((......)))..,-0.8999999761581421
940,20,.........((....))...,-0.4000000059604645
941,20,...........((....)).,-0.699999988079071
942,20,.(((.((.....)).).)).,-2.5
943,20,.((.(((.....))).))..,-1.600000023841858
944,20,..((((.........)))).,-1.7000000476837158
945,20,...((..((.....))..)),-0.20000000298023224
946,20,..(((...))).........,-0.5
947,20,....................,0.0
948,20,....................,0.0
949,20,....................,0.0
950,20,.(.((((......)))).).,-4.0
951,20,(((((......).))))...,-3.4000000953674316
952,20,((((...........)))).,-1.100000023841858
953,20,(((......)))........,-0.699999988079071
954,20,.(.((......)).).....,-1.5
955,20,........((((....)))),-1.899999976158142
956,20,....................,0.0
957,20,...(((((...)))))....,-0.800000011920929
958,20,....................,0.0
959,20,(((...........)))...,-0.30000001192092896
960,20,....................,0.0
961,20,((..(....)..))......,-0.8999999761581421
962,20,....................,0.0
963,20,....................,0.0
964,20,....................,0.0
965,20,..((.(.....).)).....,-0.6000000238418579
966,20,.....(((........))).,-2.0
967,20,....................,0.0
968,20,....................,0.0
969,20,...((.(((.....))).)),-1.2000000476837158
970,20,....................,0.0
971,20,.(((((......))).))..,-1.5
972,20,....((((........)))),-2.0999999046325684
973,20,.(((...)))..........,-0.800000011920929
974,20,((.(((........))).)),-0.20000000298023224
975,20,..((((((....))))))..,-8.600000381469727
976,20,(((........)))......,-0.30000001192092896
977,20,(.((.....)).).......,-1.600000023841858
978,20,....(((......)))....,-0.699999988079071
979,20,...((.....))........,-0.699999988079071
980,20,....................,0.0
981,20,....................,0.0
982,20,..(((((.......))))).,-2.200000047683716
983,20,....(((.......)))...,-1.100000023841858
984,20,((......))..........,-0.6000000238418579
985,20,....(.(((.....))).).,-1.100000023841858
986,20,....................,0.0
987,20,....(.(((....))).)..,-1.0
988,20,((((....))))........,-1.100000023841858
989,20,....(((...))).......,-0.20000000298023224
990,20,....................,0.0
991,20,....(.(((....))).)..,-2.299999952316284
992,20,(((...........)))...,-1.100000023841858
993,20,....................,0.0
994,20,....................,0.0
995,20,....................,0.0
996,20,.....(((((....))))).,-2.9000000953674316
997,20,....................,0.0
998,20,((((........))))....,-2.4000000953674316
999,20,....................,0.0
1000,20,....................,0.0
1001,20,....................,0.0
1002,20,........((.....))...,-0.5
1003,20,(((.........))).....,-1.2999999523162842
1004,20,((((...)))).........,-1.7999999523162842
1005,20,.....(((....))).....,-1.0
1006,20,..((((.((.....)))))),-3.0999999046325684
1007,20,((((...)))).........,-0.8999999761581421
1008,20,..(((.....))).......,-2.5999999046325684
1009,20,..(((.(........).))),-1.5
1010,20,..(((...))).........,-0.6000000238418579
1011,20,....................,0.0
1012,20,......(((((....))))),-4.199999809265137
1013,20,....................,0.0
1014,20,..(((........)))....,-2.700000047683716
1015,20,..(((.(((...))).))).,-1.5
1016,20,....................,0.0
1017,20,....................,0.0
1018,20,...(((((...)))))....,-1.7000000476837158
1019,20,.....((((....))))...,-0.5
1020,20,(((((((....)))..)))),-2.5999999046325684
1021,20,.((..(....)..)).....,-0.20000000298023224
1022,20,.......((((....)))).,-0.30000001192092896
1023,20,....................,0.0
1024,20,((.(....).))........,-0.10000000149011612
1025,20,.....((........))...,-1.399999976158142
1026,20,....................,0.0
1027,20,....................,0.0
1028,20,.......((((.....)))),-0.800000011920929
1029,20,((.((....)).))......,-1.7000000476837158
1030,20,((((...)))).........,-2.0999999046325684
1031,20,.........((......)).,-0.800000011920929
1032,20,....................,0.0
1033,20,(((((.(......)))))).,-4.5
1034,20,...((.((.....))))...,-2.200000047683716
1035,20,....................,0.0
1036,20,....................,0.0
1037,20,....................,0.0
1038,20,.........(((.....))),-1.2999999523162842
1039,20,.(((..((....))...))),-2.799999952316284
1040,20,....................,0.0
1041,20,....................,0.0
1042,20,..(((..(....)..)))..,-2.4000000953674316
1043,20,....................,0.0
1044,20,.......(((.....)))..,-0.800000011920929
1045,20,....................,0.0
1046,20,....(((....)))......,-0.5
1047,20,.((.(((.....))).))..,-1.7999999523162842
1048,20,((((.........))))...,-2.200000047683716
1049,20,.....(.((....)).)...,-0.20000000298023224
1050,20,(((.......))).......,-2.0
1051,20,....(((.........))).,-0.6000000238418579
1052,20,((.((........))))...,-1.2000000476837158
1053,20,....................,0.0
1054,20,((.((........)).))..,-4.199999809265137
1055,20,....................,0.0
1056,20,....................,0.0
1057,20,..(((((.......))))).,-2.4000000953674316
1058,20,....................,0.0
1059,20,...(((((.....)))))..,-2.799999952316284
1060,20,....................,0.0
1061,20,.......(((((...))))),-1.899999976158142
1062,20,.......((......))...,-0.4000000059604645
1063,20,....(((.......)))...,-0.10000000149011612
1064,20,((((.....)))).......,-1.899999976158142
1065,20,....................,0.0
1066,20,....................,0.0
1067,20,........(((...)))...,-0.5
1068,20,.((....))...........,-0.699999988079071
1069,20,........((.....))...,-0.10000000149011612
1070,20,....................,0.0
1071,20,....................,0.0
1072,20,((..((.......))..)).,-0.8999999761581421
1073,20,....................,0.0
1074,20,.....(((....))).....,-0.6000000238418579
1075,20,.....(((.((....))))),-2.200000047683716
1076,20,((.(......).))......,-1.7000000476837158
1077,20,....................,0.0
1078,20,....................,0.0
1079,20,......(((....)))....,-0.5
1080,20,(((((.....))))).....,-3.0999999046325684
1081,20,((.(........).))....,-2.0
1082,20,....(((.......)))...,-1.100000023841858
1083,20,....................,0.0
1084,20,......(((((...))).)),-0.10000000149011612
1085,20,((.(.........).))...,-0.10000000149011612
1086,20,..........(((....))),-0.30000001192092896
1087,20,..((.....)).........,-0.699999988079071
1088,20,....(((((...)))))...,-0.699999988079071
1089,20,....................,0.0
1090,20,....................,0.0
1091,20,....................,0.0
1092,20,...(((((....)))))...,-2.9000000953674316
1093,20,....................,0.0
1094,20,.......(((.....)))..,-1.7999999523162842
1095,20,.....((....)).......,-0.5
1096,20,......(((((...))))).,-3.200000047683716
1097,21,.....................,0.0
1098,21,..........(((....))).,-1.5
1099,21,.....................,0.0
1100,21,.((....))............,-1.399999976158142
1101,21,.......((.(....).))..,-1.600000023841858
1102,21,........(((....)))...,-0.4000000059604645
1103,21,.....................,0.0
1104,21,.(.((((....)))).)....,-3.5999999046325684
1105,21,.(((((....)))))......,-2.9000000953674316
1106,21,.....................,0.0
1107,21,.....................,0.0
1108,21,(((....)))..((....)).,-1.899999976158142
1109,21,......(((((....))))).,-1.7999999523162842
1110,21,..((.((....)).)).....,-1.600000023841858
1111,21,..((......)).........,-0.20000000298023224
1112,21,........(((.....)))..,-0.800000011920929
1113,21,((((....)))).........,-4.900000095367432
1114,21,.....................,0.0
1115,21,.....................,0.0
1116,21,.....................,0.0
1117,21,.(.(((...))).).......,-1.100000023841858
1118,21,.((.....))(((....))).,-1.899999976158142
1119,21,.....................,0.0
1120,21,.....................,0.0
1121,21,.((((.......)))).....,-1.899999976158142
1122,21,(((....)))...........,-1.899999976158142
1123,21,.....................,0.0
1124,21,((((....)))).........,-3.9000000953674316
1125,21,.....................,0.0
1126,21,..((((.......))))....,-1.399999976158142
1127,21,((((((.......)))).)).,-0.8999999761581421
1128,21,((((..........))))...,-3.5
1129,21,.....................,0.0
1130,21,..(((.(((....))).))).,-2.4000000953674316
1131,21,..(((.((....)).)))...,-1.399999976158142
1132,21,((((((.......)).)))).,-0.5
1133,21,....(((........)))...,-1.399999976158142
1134,21,.....................,0.0
1135,21,....((((....)))).....,-2.200000047683716
1136,21,...((....))..........,-1.2999999523162842
1137,21,(((...)))............,-0.30000001192092896
1138,21,(((((......))))).....,-3.5999999046325684
1139,21,..(((((.((....))))))),-3.0999999046325684
1140,21,....((..((....))..)).,-0.5
1141,21,(((.........)))......,-0.10000000149011612
1142,21,.....................,0.0
1143,21,........(((......))).,-2.4000000953674316
1144,21,.....................,0.0
1145,21,((((((.......))))))..,-7.099999904632568
1146,21,.....................,0.0
1147,21,.(((((.........))))).,-3.200000047683716
1148,21,(((....)))...........,-0.30000001192092896
1149,21,..(((((........)).))),-1.2000000476837158
1150,21,....(((.((...)))))...,-2.299999952316284
1151,21,...(((((....))).))...,-1.0
1152,21,.....................,0.0
1153,21,.....................,0.0
1154,21,.....................,0.0
1155,21,.....................,0.0
1156,21,.....................,0.0
1157,21,.....................,0.0
1158,21,.....................,0.0
1159,21,..((((.......))))....,-2.4000000953674316
1160,21,.....................,0.0
1161,21,........(((......))).,-2.200000047683716
1162,21,.........(((.....))).,-2.5
1163,21,..(((....))).........,-1.399999976158142
1164,21,..(((((.....)))))....,-3.799999952316284
1165,21,.....................,0.0
1166,21,.....................,0.0
1167,21,((((...........))))..,-3.0999999046325684
1168,21,.........((.....))...,-0.699999988079071
1169,21,.....................,0.0
1170,21,(((.....)))..........,-1.600000023841858
1171,21,.....((.((((...)))))),-1.600000023841858
1172,21,.....................,0.0
1173,21,.....................,0.0
1174,21,.....................,0.0
1175,21,((......))...........,-0.8999999761581421
1176,21,.(((((........)))))..,-1.899999976158142
1177,21,......(((....))).....,-2.200000047683716
1178,21,.......(((........))),-0.20000000298023224
1179,21,....(.((((....)))).).,-2.5999999046325684
1180,21,.((((.....)))).......,-1.7999999523162842
1181,21,.((.((........)).))..,-2.0999999046325684
1182,21,((((.(......)..))))..,-3.0999999046325684
1183,21,.....................,0.0
1184,21,.....................,0.0
1185,21,.....((.......)).....,-1.2999999523162842
1186,21,((((......)))).......,-3.0
1187,21,(((...)))............,-0.800000011920929
1188,21,.((((((....))))))....,-5.400000095367432
1189,21,.....................,0.0
1190,21,..((((........))))...,-1.2999999523162842
1191,21,......(((((....))))).,-2.0
1192,21,.....................,0.0
1193,21,((((.(.........).)))),-1.7999999523162842
1194,21,....(((......))).....,-2.799999952316284
1195,21,.....................,0.0
1196,21,.....................,0.0
1197,21,.((......))..........,-1.600000023841858
1198,21,.....................,0.0
1199,21,.....................,0.0
1200,21,.....(((........)))..,-2.799999952316284
1201,21,.....................,0.0
1202,21,........(((......))).,-1.399999976158142
1203,21,.....................,0.0
1204,21,((((...))))..........,-0.30000001192092896
1205,21,.((.......)).........,-0.5
1206,21,.....................,0.0
1207,21,.....................,0.0
1208,21,..((.((...)).))......,-1.2999999523162842
1209,21,.((....))............,-0.699999988079071
1210,21,.......((((......)))),-2.299999952316284
1211,21,.....................,0.0
1212,21,..((.(((......))).)).,-5.900000095367432
1213,21,.....................,0.0
1214,21,.(((.(......).)))....,-1.2999999523162842
1215,21,.....................,0.0
1216,21,.....................,0.0
1217,21,(((........))).......,-2.799999952316284
1218,21,..((((...........)))),-2.200000047683716
1219,21,.....................,0.0
1220,21,.....................,0.0
1221,21,...((.....)).........,-0.10000000149011612
1222,21,.((((.....)))).......,-2.0
1223,21,...(..((.......))..).,-0.10000000149011612
1224,21,.........(((......))),-0.8999999761581421
1225,21,.........((((....)))),-1.2999999523162842
1226,21,..(((((...)))))......,-4.599999904632568
1227,21,(((((....))))).......,-5.199999809265137
1228,21,.(((((.........))))).,-3.4000000953674316
1229,21,.....................,0.0
1230,21,........((((....)))).,-1.100000023841858
1231,21,.....................,0.0
1232,21,((....)).............,-0.4000000059604645
1233,21,.(.(((..........))).),-1.0
1234,21,..((((........))))...,-3.299999952316284
1235,21,.....................,0.0
1236,21,.....................,0.0
1237,21,....(((((.......))))),-2.299999952316284
1238,21,.((.(((....))).))....,-0.6000000238418579
1239,21,.....................,0.0
1240,21,.....................,0.0
1241,21,....(((....))).......,-2.4000000953674316
1242,21,......(((((...)))))..,-3.9000000953674316
1243,21,((((((...))))))......,-0.800000011920929
1244,22,..(((((......)))))....,-2.4000000953674316
1245,22,......................,0.0
1246,22,......................,0.0
1247,22,.......((.((...)).))..,-1.0
1248,22,.....((((((....)))))).,-5.400000095367432
1249,22,.(((....)))...........,-0.8999999761581421
1250,22,......................,0.0
1251,22,.....(((((....)))))...,-2.9000000953674316
1252,22,....((((.(.....).)).)),-0.30000001192092896
1253,22,.....((....)).........,-0.30000001192092896
1254,22,.....((((......))))...,-1.600000023841858
1255,22,......................,0.0
1256,22,.....((((((...))))))..,-3.9000000953674316
1257,22,......................,0.0
1258,22,...(((((........))))).,-1.600000023841858
1259,22,...((............))...,-0.4000000059604645
1260,22,.((((((........)))))).,-7.5
1261,22,..........((((...)))).,-0.8999999761581421
1262,22,......................,0.0
1263,22,......................,0.0
1264,22,......................,0.0
1265,22,...(((....))).........,-1.899999976158142
1266,22,((((.(........).))))..,-3.9000000953674316
1267,22,.((((((....)))))).....,-5.099999904632568
1268,22,....((.((......)).))..,-0.20000000298023224
1269,22,....((((........))))..,-2.0999999046325684
1270,22,....((((.......))))...,-0.8999999761581421
1271,22,.(..((((....))))..)...,-3.0
1272,22,(((.((....)).)))......,-2.200000047683716
1273,22,...........(((....))).,-2.200000047683716
1274,22,(((((.((.....)).)).))),-2.0999999046325684
1275,22,(((((.........)))))...,-5.400000095367432
1276,22,.....((((.....))))....,-0.6000000238418579
1277,22,((........))..........,-1.100000023841858
1278,22,((((.....)))).........,-3.299999952316284
1279,22,......................,0.0
1280,22,.(((((((....))).))))..,-3.200000047683716
1281,22,........((((.....)))).,-2.299999952316284
1282,22,...((......)).........,-1.600000023841858
1283,22,.....(((.....)))......,-0.6000000238418579
1284,22,......................,0.0
1285,22,......................,0.0
1286,22,......................,0.0
1287,22,.....((..((....))..)).,-2.0
1288,22,.........((((....)))).,-1.399999976158142
1289,22,......................,0.0
1290,22,............((....))..,-0.8999999761581421
1291,22,......................,0.0
1292,22,((((((......))))))....,-3.799999952316284
1293,22,......................,0.0
1294,22,...(((.((.......)).))),-1.100000023841858
1295,22,.......(((.......)))..,-0.8999999761581421
1296,22,((....))(((((....))))),-1.899999976158142
1297,22,......(.((........)).),-0.8999999761581421
1298,22,......................,0.0
1299,22,......................,0.0
1300,22,.(((...)))............,-1.399999976158142
1301,22,.(((((......))))).....,-2.0999999046325684
1302,22,..........((((....)))),-1.2000000476837158
1303,22,(..((((....))))..)....,-2.299999952316284
1304,22,..........((((....)))),-0.10000000149011612
1305,22,......................,0.0
1306,22,......................,0.0
1307,22,..(.(((((...))))).)...,-2.299999952316284
1308,22,(((.(((......)))..))).,-1.399999976158142
1309,22,......................,0.0
1310,22,.(((.(........).)))...,-1.2000000476837158
1311,22,......................,0.0
1312,22,((....))..............,-0.10000000149011612
1313,22,..(((....)))..........,-1.7999999523162842
1314,22,.(((.((........)).))).,-4.400000095367432
1315,22,.((((.((......)).)))).,-0.5
1316,22,......................,0.0
1317,22,......................,0.0
1318,22,((((.((....)).))..))..,-0.800000011920929
1319,22,......................,0.0
1320,22,.....(.((......)).)...,-1.0
1321,22,......................,0.0
1322,22,..((.(...........).)).,-0.8999999761581421
1323,22,........((((.....)))).,-1.2000000476837158
1324,22,......................,0.0
1325,22,.......(.(......).)...,-0.4000000059604645
1326,22,............(((....))),-0.5
1327,22,....((.(......).))....,-3.299999952316284
1328,22,.((((((....)))))).....,-1.7999999523162842
1329,22,((.((.....)).)).......,-3.700000047683716
1330,22,.........(((((...))))),-2.4000000953674316
1331,22,.(..((((...))))..)....,-0.699999988079071
1332,22,......................,0.0
1333,22,..((....))............,-0.699999988079071
1334,22,.....(.((......)).)...,-1.600000023841858
1335,22,.........(((....)))...,-2.9000000953674316
1336,22,.(((((....))))).......,-0.800000011920929
1337,22,.....(((........)))...,-2.700000047683716
1338,22,......................,0.0
1339,22,......................,0.0
1340,22,(((....)))............,-1.899999976158142
1341,22,.(((((........)).)))..,-2.700000047683716
1342,22,......................,0.0
1343,22,..........((......))..,-1.5
1344,22,......................,0.0
1345,22,((((......))))........,-0.5
1346,22,..((((.........))))...,-0.5
1347,22,......................,0.0
1348,22,..(..((((...))))..)...,-2.299999952316284
1349,22,.......((..........)).,-0.6000000238418579
1350,22,.(((((.(......))))))..,-2.299999952316284
1351,22,......................,0.0
1352,22,.......((.(.......).)),-1.899999976158142
1353,22,((.(((.........))).)).,-0.6000000238418579
1354,22,..((.(((((....))))).)),-3.9000000953674316
1355,22,...........(((....))).,-1.5
1356,22,...((..((...))..))....,-2.200000047683716
1357,22,(((......)))..........,-1.600000023841858
1358,22,(((....)))............,-2.200000047683716
1359,22,((.((....)).))........,-0.5
1360,22,............(((....))),-0.4000000059604645
1361,22,((((..((......))))))..,-2.5
1362,22,(((..........)))......,-1.0
1363,22,........((........))..,-0.6000000238418579
1364,22,......................,0.0
1365,22,(((........)))........,-1.2999999523162842
1366,22,...((....))...........,-0.5
1367,22,......................,0.0
